time,src_ip,dst_ip,protocol,src_port,dst_port,size
2026-02-22 18:28:58,148.113.16.36,10.138.126.24,TCP,443,43254,66
2026-02-22 18:28:58,10.138.126.24,148.113.16.36,TCP,43254,443,66
2026-02-22 18:28:59,10.138.126.24,34.54.84.110,TCP,59304,443,625
2026-02-22 18:28:59,10.138.126.24,34.54.84.110,TCP,59304,443,740
2026-02-22 18:28:59,10.138.126.24,34.54.84.110,TCP,59304,443,97
2026-02-22 18:28:59,34.54.84.110,10.138.126.24,TCP,443,59304,66
2026-02-22 18:28:59,34.54.84.110,10.138.126.24,TCP,443,59304,66
2026-02-22 18:28:59,34.54.84.110,10.138.126.24,TCP,443,59304,66
2026-02-22 18:28:59,34.54.84.110,10.138.126.24,TCP,443,59304,260
2026-02-22 18:28:59,34.54.84.110,10.138.126.24,TCP,443,59304,1334
2026-02-22 18:28:59,10.138.126.24,34.54.84.110,TCP,59304,443,66
2026-02-22 18:28:59,34.54.84.110,10.138.126.24,TCP,443,59304,1334
2026-02-22 18:28:59,34.54.84.110,10.138.126.24,TCP,443,59304,1334
2026-02-22 18:28:59,10.138.126.24,34.54.84.110,TCP,59304,443,66
2026-02-22 18:28:59,34.54.84.110,10.138.126.24,TCP,443,59304,1334
2026-02-22 18:28:59,34.54.84.110,10.138.126.24,TCP,443,59304,1334
2026-02-22 18:28:59,10.138.126.24,34.54.84.110,TCP,59304,443,66
2026-02-22 18:28:59,34.54.84.110,10.138.126.24,TCP,443,59304,1334
2026-02-22 18:28:59,34.54.84.110,10.138.126.24,TCP,443,59304,1334
2026-02-22 18:28:59,10.138.126.24,34.54.84.110,TCP,59304,443,66
2026-02-22 18:28:59,34.54.84.110,10.138.126.24,TCP,443,59304,1334
2026-02-22 18:28:59,34.54.84.110,10.138.126.24,TCP,443,59304,1334
2026-02-22 18:28:59,10.138.126.24,34.54.84.110,TCP,59304,443,66
2026-02-22 18:28:59,34.54.84.110,10.138.126.24,TCP,443,59304,1334
2026-02-22 18:28:59,34.54.84.110,10.138.126.24,TCP,443,59304,1334
2026-02-22 18:28:59,34.54.84.110,10.138.126.24,TCP,443,59304,265
2026-02-22 18:28:59,10.138.126.24,34.54.84.110,TCP,59304,443,66
2026-02-22 18:28:59,10.138.126.24,34.54.84.110,TCP,59304,443,114
2026-02-22 18:28:59,34.54.84.110,10.138.126.24,TCP,443,59304,1275
2026-02-22 18:28:59,10.138.126.24,34.54.84.110,TCP,59304,443,78
2026-02-22 18:28:59,34.54.84.110,10.138.126.24,TCP,443,59304,1334
2026-02-22 18:28:59,34.54.84.110,10.138.126.24,TCP,443,59304,105
2026-02-22 18:28:59,10.138.126.24,34.54.84.110,TCP,59304,443,66
2026-02-22 18:28:59,10.138.126.24,34.54.84.110,TCP,59304,443,105
2026-02-22 18:28:59,34.54.84.110,10.138.126.24,TCP,443,59304,66
2026-02-22 18:28:59,34.54.84.110,10.138.126.24,TCP,443,59304,66
2026-02-22 18:29:00,10.138.126.24,148.113.16.36,TCP,43254,443,66
2026-02-22 18:29:00,148.113.16.36,10.138.126.24,TCP,443,43254,66
2026-02-22 18:29:00,10.138.126.24,34.54.84.110,TCP,59304,443,140
2026-02-22 18:29:00,10.138.126.24,34.54.84.110,TCP,59304,443,305
2026-02-22 18:29:00,10.138.126.24,34.54.84.110,TCP,59304,443,97
2026-02-22 18:29:00,34.54.84.110,10.138.126.24,TCP,443,59304,66
2026-02-22 18:29:00,34.54.84.110,10.138.126.24,TCP,443,59304,66
2026-02-22 18:29:00,34.54.84.110,10.138.126.24,TCP,443,59304,66
2026-02-22 18:29:01,34.54.84.110,10.138.126.24,TCP,443,59304,201
2026-02-22 18:29:01,34.54.84.110,10.138.126.24,TCP,443,59304,201
2026-02-22 18:29:01,10.138.126.24,34.54.84.110,TCP,59304,443,78
2026-02-22 18:29:01,10.138.126.24,34.54.84.110,TCP,59304,443,105
2026-02-22 18:29:01,34.54.84.110,10.138.126.24,TCP,443,59304,66
2026-02-22 18:29:03,10.138.126.24,20.42.65.88,TCP,33108,443,66
2026-02-22 18:29:03,20.42.65.88,10.138.126.24,TCP,443,33108,66
2026-02-22 18:29:08,148.113.16.36,10.138.126.24,TCP,443,43254,66
2026-02-22 18:29:08,10.138.126.24,148.113.16.36,TCP,43254,443,66
2026-02-22 18:29:10,10.138.126.24,148.113.16.36,TCP,43254,443,66
2026-02-22 18:29:11,148.113.16.36,10.138.126.24,TCP,443,43254,66
2026-02-22 18:29:18,148.113.16.36,10.138.126.24,TCP,443,43254,66
2026-02-22 18:29:18,10.138.126.24,148.113.16.36,TCP,43254,443,66
2026-02-22 18:29:21,10.138.126.24,148.113.16.36,TCP,43254,443,66
2026-02-22 18:29:21,148.113.16.36,10.138.126.24,TCP,443,43254,66
2026-02-22 18:29:24,10.138.126.24,192.200.0.111,TCP,38146,80,66
2026-02-22 18:29:24,192.200.0.111,10.138.126.24,TCP,80,38146,66
2026-02-22 18:29:28,10.138.126.24,34.54.84.110,TCP,59304,443,359
2026-02-22 18:29:28,34.54.84.110,10.138.126.24,TCP,443,59304,66
2026-02-22 18:29:28,34.54.84.110,10.138.126.24,TCP,443,59304,143
2026-02-22 18:29:28,10.138.126.24,34.54.84.110,TCP,59304,443,105
2026-02-22 18:29:28,34.54.84.110,10.138.126.24,TCP,443,59304,66
2026-02-22 18:29:28,10.138.126.24,34.54.84.110,TCP,59304,443,119
2026-02-22 18:29:28,10.138.126.24,34.54.84.110,TCP,59304,443,740
2026-02-22 18:29:28,10.138.126.24,34.54.84.110,TCP,59304,443,97
2026-02-22 18:29:28,34.54.84.110,10.138.126.24,TCP,443,59304,66
2026-02-22 18:29:28,34.54.84.110,10.138.126.24,TCP,443,59304,66
2026-02-22 18:29:28,34.54.84.110,10.138.126.24,TCP,443,59304,66
2026-02-22 18:29:29,148.113.16.36,10.138.126.24,TCP,443,43254,66
2026-02-22 18:29:29,10.138.126.24,148.113.16.36,TCP,43254,443,66
2026-02-22 18:29:29,34.54.84.110,10.138.126.24,TCP,443,59304,129
2026-02-22 18:29:29,34.54.84.110,10.138.126.24,TCP,443,59304,1334
2026-02-22 18:29:29,10.138.126.24,34.54.84.110,TCP,59304,443,66
2026-02-22 18:29:29,34.54.84.110,10.138.126.24,TCP,443,59304,1334
2026-02-22 18:29:29,34.54.84.110,10.138.126.24,TCP,443,59304,1334
2026-02-22 18:29:29,10.138.126.24,34.54.84.110,TCP,59304,443,66
2026-02-22 18:29:29,34.54.84.110,10.138.126.24,TCP,443,59304,1334
2026-02-22 18:29:29,34.54.84.110,10.138.126.24,TCP,443,59304,1334
2026-02-22 18:29:29,10.138.126.24,34.54.84.110,TCP,59304,443,66
2026-02-22 18:29:29,34.54.84.110,10.138.126.24,TCP,443,59304,1334
2026-02-22 18:29:29,34.54.84.110,10.138.126.24,TCP,443,59304,1334
2026-02-22 18:29:29,10.138.126.24,34.54.84.110,TCP,59304,443,66
2026-02-22 18:29:29,34.54.84.110,10.138.126.24,TCP,443,59304,1334
2026-02-22 18:29:29,34.54.84.110,10.138.126.24,TCP,443,59304,1334
2026-02-22 18:29:29,10.138.126.24,34.54.84.110,TCP,59304,443,66
2026-02-22 18:29:29,34.54.84.110,10.138.126.24,TCP,443,59304,1334
2026-02-22 18:29:29,34.54.84.110,10.138.126.24,TCP,443,59304,1334
2026-02-22 18:29:29,10.138.126.24,34.54.84.110,TCP,59304,443,66
2026-02-22 18:29:29,34.54.84.110,10.138.126.24,TCP,443,59304,1334
2026-02-22 18:29:29,10.138.126.24,34.54.84.110,TCP,59304,443,114
2026-02-22 18:29:29,34.54.84.110,10.138.126.24,TCP,443,59304,1430
2026-02-22 18:29:29,10.138.126.24,34.54.84.110,TCP,59304,443,66
2026-02-22 18:29:29,10.138.126.24,34.54.84.110,TCP,59304,443,105
2026-02-22 18:29:29,10.138.126.24,34.54.84.110,TCP,59304,443,105
2026-02-22 18:29:29,10.138.126.24,34.54.84.110,TCP,59304,443,119
2026-02-22 18:29:29,10.138.126.24,34.54.84.110,TCP,59304,443,771
2026-02-22 18:29:29,34.54.84.110,10.138.126.24,TCP,443,59304,66
2026-02-22 18:29:29,34.54.84.110,10.138.126.24,TCP,443,59304,66
2026-02-22 18:29:29,34.54.84.110,10.138.126.24,TCP,443,59304,78
2026-02-22 18:29:29,34.54.84.110,10.138.126.24,TCP,443,59304,66
2026-02-22 18:29:29,34.54.84.110,10.138.126.24,TCP,443,59304,66
2026-02-22 18:29:29,34.54.84.110,10.138.126.24,TCP,443,59304,129
2026-02-22 18:29:29,34.54.84.110,10.138.126.24,TCP,443,59304,1334
2026-02-22 18:29:29,10.138.126.24,34.54.84.110,TCP,59304,443,66
2026-02-22 18:29:29,34.54.84.110,10.138.126.24,TCP,443,59304,1334
2026-02-22 18:29:29,34.54.84.110,10.138.126.24,TCP,443,59304,1334
2026-02-22 18:29:29,10.138.126.24,34.54.84.110,TCP,59304,443,66
2026-02-22 18:29:29,34.54.84.110,10.138.126.24,TCP,443,59304,1334
2026-02-22 18:29:29,34.54.84.110,10.138.126.24,TCP,443,59304,1334
2026-02-22 18:29:29,10.138.126.24,34.54.84.110,TCP,59304,443,66
2026-02-22 18:29:29,34.54.84.110,10.138.126.24,TCP,443,59304,1334
2026-02-22 18:29:29,34.54.84.110,10.138.126.24,TCP,443,59304,1334
2026-02-22 18:29:29,10.138.126.24,34.54.84.110,TCP,59304,443,66
2026-02-22 18:29:29,34.54.84.110,10.138.126.24,TCP,443,59304,1334
2026-02-22 18:29:29,34.54.84.110,10.138.126.24,TCP,443,59304,2602
2026-02-22 18:29:29,34.54.84.110,10.138.126.24,TCP,443,59304,2602
2026-02-22 18:29:29,10.138.126.24,34.54.84.110,TCP,59304,443,66
2026-02-22 18:29:29,10.138.126.24,34.54.84.110,TCP,59304,443,114
2026-02-22 18:29:29,34.54.84.110,10.138.126.24,TCP,443,59304,1334
2026-02-22 18:29:29,34.54.84.110,10.138.126.24,TCP,443,59304,302
2026-02-22 18:29:29,10.138.126.24,34.54.84.110,TCP,59304,443,66
2026-02-22 18:29:29,10.138.126.24,34.54.84.110,TCP,59304,443,105
2026-02-22 18:29:29,34.54.84.110,10.138.126.24,TCP,443,59304,66
2026-02-22 18:29:29,34.54.84.110,10.138.126.24,TCP,443,59304,66
2026-02-22 18:29:30,10.138.126.24,34.54.84.110,TCP,59304,443,249
2026-02-22 18:29:30,10.138.126.24,34.54.84.110,TCP,59304,443,468
2026-02-22 18:29:30,34.54.84.110,10.138.126.24,TCP,443,59304,66
2026-02-22 18:29:30,34.54.84.110,10.138.126.24,TCP,443,59304,78
2026-02-22 18:29:30,34.54.84.110,10.138.126.24,TCP,443,59304,147
2026-02-22 18:29:30,10.138.126.24,34.54.84.110,TCP,59304,443,105
2026-02-22 18:29:30,10.138.126.24,34.54.84.110,TCP,59304,443,66
2026-02-22 18:29:30,34.54.84.110,10.138.126.24,TCP,443,59304,78
2026-02-22 18:29:30,34.54.84.110,10.138.126.24,TCP,443,59304,66
2026-02-22 18:29:30,34.54.84.110,10.138.126.24,TCP,443,59304,66
2026-02-22 18:29:30,34.54.84.110,10.138.126.24,TCP,443,59304,66
2026-02-22 18:29:30,10.138.126.24,34.54.84.110,TCP,59304,443,66
2026-02-22 18:29:31,10.138.126.24,34.54.84.110,TCP,56774,443,74
2026-02-22 18:29:31,34.54.84.110,10.138.126.24,TCP,443,56774,74
2026-02-22 18:29:31,10.138.126.24,34.54.84.110,TCP,56774,443,66
2026-02-22 18:29:31,10.138.126.24,34.54.84.110,TCP,56774,443,1354
2026-02-22 18:29:31,10.138.126.24,34.54.84.110,TCP,56774,443,312
2026-02-22 18:29:31,34.54.84.110,10.138.126.24,TCP,443,56774,66
2026-02-22 18:29:31,34.54.84.110,10.138.126.24,TCP,443,56774,66
2026-02-22 18:29:31,34.54.84.110,10.138.126.24,TCP,443,56774,1334
2026-02-22 18:29:31,10.138.126.24,34.54.84.110,TCP,56774,443,66
2026-02-22 18:29:31,34.54.84.110,10.138.126.24,TCP,443,56774,778
2026-02-22 18:29:31,10.138.126.24,34.54.84.110,TCP,56774,443,78
2026-02-22 18:29:31,34.54.84.110,10.138.126.24,TCP,443,56774,1334
2026-02-22 18:29:31,10.138.126.24,34.54.84.110,TCP,56774,443,78
2026-02-22 18:29:31,34.54.84.110,10.138.126.24,TCP,443,56774,1334
2026-02-22 18:29:31,10.138.126.24,34.54.84.110,TCP,56774,443,66
2026-02-22 18:29:31,10.138.126.24,34.54.84.110,TCP,56774,443,130
2026-02-22 18:29:31,10.138.126.24,34.54.84.110,TCP,56774,443,158
2026-02-22 18:29:31,10.138.126.24,34.54.84.110,TCP,56774,443,905
2026-02-22 18:29:31,34.54.84.110,10.138.126.24,TCP,443,56774,78
2026-02-22 18:29:31,34.54.84.110,10.138.126.24,TCP,443,56774,66
2026-02-22 18:29:31,34.54.84.110,10.138.126.24,TCP,443,56774,128
2026-02-22 18:29:31,34.54.84.110,10.138.126.24,TCP,443,56774,97
2026-02-22 18:29:31,10.138.126.24,34.54.84.110,TCP,56774,443,66
2026-02-22 18:29:31,10.138.126.24,34.54.84.110,TCP,56774,443,97
2026-02-22 18:29:31,34.54.84.110,10.138.126.24,TCP,443,56774,66
2026-02-22 18:29:31,10.138.126.24,34.54.84.110,TCP,56774,443,345
2026-02-22 18:29:31,34.54.84.110,10.138.126.24,TCP,443,56774,66
2026-02-22 18:29:31,10.138.126.24,148.113.16.36,TCP,43254,443,66
2026-02-22 18:29:31,148.113.16.36,10.138.126.24,TCP,443,43254,66
2026-02-22 18:29:31,34.54.84.110,10.138.126.24,TCP,443,56774,254
2026-02-22 18:29:31,10.138.126.24,34.54.84.110,TCP,56774,443,105
2026-02-22 18:29:31,34.54.84.110,10.138.126.24,TCP,443,56774,66
2026-02-22 18:29:31,34.54.84.110,10.138.126.24,TCP,443,56774,143
2026-02-22 18:29:31,10.138.126.24,34.54.84.110,TCP,56774,443,105
2026-02-22 18:29:31,10.138.126.24,34.54.84.110,TCP,56774,443,66
2026-02-22 18:29:31,34.54.84.110,10.138.126.24,TCP,443,56774,78
2026-02-22 18:29:31,34.54.84.110,10.138.126.24,TCP,443,56774,66
2026-02-22 18:29:31,34.54.84.110,10.138.126.24,TCP,443,56774,66
2026-02-22 18:29:31,10.138.126.24,34.54.84.110,TCP,56774,443,66
2026-02-22 18:29:35,20.42.65.88,10.138.126.24,TCP,443,33108,54
2026-02-22 18:29:39,148.113.16.36,10.138.126.24,TCP,443,43254,66
2026-02-22 18:29:39,10.138.126.24,148.113.16.36,TCP,43254,443,66
2026-02-22 18:29:41,10.138.126.24,148.113.16.36,TCP,43254,443,66
2026-02-22 18:29:41,148.113.16.36,10.138.126.24,TCP,443,43254,66
2026-02-22 18:29:44,192.200.0.111,10.138.126.24,TCP,80,38146,66
2026-02-22 18:29:44,10.138.126.24,192.200.0.111,TCP,38146,80,66
2026-02-22 18:29:49,140.82.112.26,10.138.126.24,TCP,443,38768,91
2026-02-22 18:29:49,10.138.126.24,140.82.112.26,TCP,38768,443,95
2026-02-22 18:29:49,148.113.16.36,10.138.126.24,TCP,443,43254,66
2026-02-22 18:29:49,140.82.112.26,10.138.126.24,TCP,443,38768,66
2026-02-22 18:29:49,10.138.126.24,148.113.16.36,TCP,43254,443,66
2026-02-22 18:29:51,10.138.126.24,148.113.16.36,TCP,43254,443,66
2026-02-22 18:29:52,148.113.16.36,10.138.126.24,TCP,443,43254,66
2026-02-22 18:29:54,10.138.126.24,192.200.0.111,TCP,38146,80,66
2026-02-22 18:29:54,192.200.0.111,10.138.126.24,TCP,80,38146,66
2026-02-22 18:29:59,10.138.126.24,34.54.84.110,TCP,57806,443,74
2026-02-22 18:29:59,34.54.84.110,10.138.126.24,TCP,443,57806,74
2026-02-22 18:29:59,10.138.126.24,34.54.84.110,TCP,57806,443,66
2026-02-22 18:29:59,10.138.126.24,34.54.84.110,TCP,57806,443,1354
2026-02-22 18:29:59,10.138.126.24,34.54.84.110,TCP,57806,443,312
2026-02-22 18:29:59,34.54.84.110,10.138.126.24,TCP,443,57806,66
2026-02-22 18:29:59,34.54.84.110,10.138.126.24,TCP,443,57806,66
2026-02-22 18:29:59,34.54.84.110,10.138.126.24,TCP,443,57806,1334
2026-02-22 18:29:59,10.138.126.24,34.54.84.110,TCP,57806,443,66
2026-02-22 18:29:59,34.54.84.110,10.138.126.24,TCP,443,57806,1334
2026-02-22 18:29:59,10.138.126.24,34.54.84.110,TCP,57806,443,66
2026-02-22 18:29:59,34.54.84.110,10.138.126.24,TCP,443,57806,1334
2026-02-22 18:29:59,10.138.126.24,34.54.84.110,TCP,57806,443,66
2026-02-22 18:29:59,34.54.84.110,10.138.126.24,TCP,443,57806,778
2026-02-22 18:29:59,10.138.126.24,34.54.84.110,TCP,57806,443,66
2026-02-22 18:29:59,10.138.126.24,34.54.84.110,TCP,57806,443,130
2026-02-22 18:29:59,10.138.126.24,34.54.84.110,TCP,57806,443,158
2026-02-22 18:29:59,10.138.126.24,34.54.84.110,TCP,57806,443,1299
2026-02-22 18:29:59,10.138.126.24,34.54.84.110,TCP,57806,443,97
2026-02-22 18:29:59,34.54.84.110,10.138.126.24,TCP,443,57806,66
2026-02-22 18:29:59,34.54.84.110,10.138.126.24,TCP,443,57806,128
2026-02-22 18:29:59,34.54.84.110,10.138.126.24,TCP,443,57806,97
2026-02-22 18:29:59,10.138.126.24,34.54.84.110,TCP,57806,443,66
2026-02-22 18:29:59,10.138.126.24,34.54.84.110,TCP,57806,443,97
2026-02-22 18:29:59,34.54.84.110,10.138.126.24,TCP,443,57806,66
2026-02-22 18:29:59,34.54.84.110,10.138.126.24,TCP,443,57806,260
2026-02-22 18:29:59,34.54.84.110,10.138.126.24,TCP,443,57806,1334
2026-02-22 18:29:59,34.54.84.110,10.138.126.24,TCP,443,57806,1334
2026-02-22 18:29:59,10.138.126.24,34.54.84.110,TCP,57806,443,66
2026-02-22 18:29:59,34.54.84.110,10.138.126.24,TCP,443,57806,2602
2026-02-22 18:29:59,34.54.84.110,10.138.126.24,TCP,443,57806,2602
2026-02-22 18:29:59,34.54.84.110,10.138.126.24,TCP,443,57806,2602
2026-02-22 18:29:59,10.138.126.24,34.54.84.110,TCP,57806,443,66
2026-02-22 18:29:59,34.54.84.110,10.138.126.24,TCP,443,57806,1334
2026-02-22 18:29:59,34.54.84.110,10.138.126.24,TCP,443,57806,1334
2026-02-22 18:29:59,34.54.84.110,10.138.126.24,TCP,443,57806,1334
2026-02-22 18:29:59,34.54.84.110,10.138.126.24,TCP,443,57806,265
2026-02-22 18:29:59,34.54.84.110,10.138.126.24,TCP,443,57806,1334
2026-02-22 18:29:59,34.54.84.110,10.138.126.24,TCP,443,57806,1249
2026-02-22 18:29:59,34.54.84.110,10.138.126.24,TCP,443,57806,105
2026-02-22 18:29:59,10.138.126.24,34.54.84.110,TCP,57806,443,66
2026-02-22 18:29:59,10.138.126.24,34.54.84.110,TCP,57806,443,66
2026-02-22 18:29:59,10.138.126.24,34.54.84.110,TCP,57806,443,66
2026-02-22 18:29:59,10.138.126.24,34.54.84.110,TCP,57806,443,105
2026-02-22 18:29:59,10.138.126.24,34.54.84.110,TCP,57806,443,114
2026-02-22 18:29:59,148.113.16.36,10.138.126.24,TCP,443,43254,66
2026-02-22 18:29:59,10.138.126.24,148.113.16.36,TCP,43254,443,66
2026-02-22 18:29:59,34.54.84.110,10.138.126.24,TCP,443,57806,66
2026-02-22 18:29:59,34.54.84.110,10.138.126.24,TCP,443,57806,66
2026-02-22 18:30:00,10.138.126.24,34.54.84.110,TCP,57806,443,140
2026-02-22 18:30:00,10.138.126.24,34.54.84.110,TCP,57806,443,305
2026-02-22 18:30:00,10.138.126.24,34.54.84.110,TCP,57806,443,97
2026-02-22 18:30:00,34.54.84.110,10.138.126.24,TCP,443,57806,66
2026-02-22 18:30:00,34.54.84.110,10.138.126.24,TCP,443,57806,66
2026-02-22 18:30:00,34.54.84.110,10.138.126.24,TCP,443,57806,78
2026-02-22 18:30:01,34.54.84.110,10.138.126.24,TCP,443,57806,201
2026-02-22 18:30:01,10.138.126.24,34.54.84.110,TCP,57806,443,105
2026-02-22 18:30:01,34.54.84.110,10.138.126.24,TCP,443,57806,66
2026-02-22 18:30:02,10.138.126.24,148.113.16.36,TCP,43254,443,66
2026-02-22 18:30:02,148.113.16.36,10.138.126.24,TCP,443,43254,66
2026-02-22 18:30:10,148.113.16.36,10.138.126.24,TCP,443,43254,66
2026-02-22 18:30:10,10.138.126.24,148.113.16.36,TCP,43254,443,66
2026-02-22 18:30:12,10.138.126.24,148.113.16.36,TCP,43254,443,66
2026-02-22 18:30:12,148.113.16.36,10.138.126.24,TCP,443,43254,66
2026-02-22 18:30:20,148.113.16.36,10.138.126.24,TCP,443,43254,66
2026-02-22 18:30:20,10.138.126.24,148.113.16.36,TCP,43254,443,66
2026-02-22 18:30:22,10.138.126.24,148.113.16.36,TCP,43254,443,66
2026-02-22 18:30:22,148.113.16.36,10.138.126.24,TCP,443,43254,66
2026-02-22 18:30:24,10.138.126.24,192.200.0.111,TCP,38146,80,66
2026-02-22 18:30:25,192.200.0.111,10.138.126.24,TCP,80,38146,66
2026-02-22 18:30:28,10.138.126.24,34.54.84.110,TCP,57806,443,359
2026-02-22 18:30:28,34.54.84.110,10.138.126.24,TCP,443,57806,66
2026-02-22 18:30:28,34.54.84.110,10.138.126.24,TCP,443,57806,143
2026-02-22 18:30:28,10.138.126.24,34.54.84.110,TCP,57806,443,105
2026-02-22 18:30:28,34.54.84.110,10.138.126.24,TCP,443,57806,66
2026-02-22 18:30:28,10.138.126.24,34.54.84.110,TCP,57806,443,119
2026-02-22 18:30:28,10.138.126.24,34.54.84.110,TCP,57806,443,740
2026-02-22 18:30:28,10.138.126.24,34.54.84.110,TCP,57806,443,97
2026-02-22 18:30:28,34.54.84.110,10.138.126.24,TCP,443,57806,66
2026-02-22 18:30:28,34.54.84.110,10.138.126.24,TCP,443,57806,66
2026-02-22 18:30:28,34.54.84.110,10.138.126.24,TCP,443,57806,66
2026-02-22 18:30:29,34.54.84.110,10.138.126.24,TCP,443,57806,129
2026-02-22 18:30:29,34.54.84.110,10.138.126.24,TCP,443,57806,1334
2026-02-22 18:30:29,10.138.126.24,34.54.84.110,TCP,57806,443,66
2026-02-22 18:30:29,34.54.84.110,10.138.126.24,TCP,443,57806,1334
2026-02-22 18:30:29,34.54.84.110,10.138.126.24,TCP,443,57806,1334
2026-02-22 18:30:29,10.138.126.24,34.54.84.110,TCP,57806,443,66
2026-02-22 18:30:29,34.54.84.110,10.138.126.24,TCP,443,57806,1334
2026-02-22 18:30:29,34.54.84.110,10.138.126.24,TCP,443,57806,2602
2026-02-22 18:30:29,34.54.84.110,10.138.126.24,TCP,443,57806,2602
2026-02-22 18:30:29,34.54.84.110,10.138.126.24,TCP,443,57806,2602
2026-02-22 18:30:29,34.54.84.110,10.138.126.24,TCP,443,57806,2602
2026-02-22 18:30:29,34.54.84.110,10.138.126.24,TCP,443,57806,1334
2026-02-22 18:30:29,34.54.84.110,10.138.126.24,TCP,443,57806,182
2026-02-22 18:30:29,10.138.126.24,34.54.84.110,TCP,57806,443,66
2026-02-22 18:30:29,10.138.126.24,34.54.84.110,TCP,57806,443,66
2026-02-22 18:30:29,10.138.126.24,34.54.84.110,TCP,57806,443,105
2026-02-22 18:30:29,10.138.126.24,34.54.84.110,TCP,57806,443,114
2026-02-22 18:30:29,10.138.126.24,34.54.84.110,TCP,57806,443,119
2026-02-22 18:30:29,10.138.126.24,34.54.84.110,TCP,57806,443,740
2026-02-22 18:30:29,10.138.126.24,34.54.84.110,TCP,57806,443,97
2026-02-22 18:30:29,34.54.84.110,10.138.126.24,TCP,443,57806,66
2026-02-22 18:30:29,34.54.84.110,10.138.126.24,TCP,443,57806,66
2026-02-22 18:30:29,34.54.84.110,10.138.126.24,TCP,443,57806,66
2026-02-22 18:30:29,34.54.84.110,10.138.126.24,TCP,443,57806,66
2026-02-22 18:30:29,34.54.84.110,10.138.126.24,TCP,443,57806,66
2026-02-22 18:30:29,34.54.84.110,10.138.126.24,TCP,443,57806,129
2026-02-22 18:30:29,34.54.84.110,10.138.126.24,TCP,443,57806,1334
2026-02-22 18:30:29,10.138.126.24,34.54.84.110,TCP,57806,443,66
2026-02-22 18:30:29,34.54.84.110,10.138.126.24,TCP,443,57806,1334
2026-02-22 18:30:29,34.54.84.110,10.138.126.24,TCP,443,57806,1334
2026-02-22 18:30:29,10.138.126.24,34.54.84.110,TCP,57806,443,66
2026-02-22 18:30:29,34.54.84.110,10.138.126.24,TCP,443,57806,1334
2026-02-22 18:30:29,34.54.84.110,10.138.126.24,TCP,443,57806,1334
2026-02-22 18:30:29,10.138.126.24,34.54.84.110,TCP,57806,443,66
2026-02-22 18:30:29,34.54.84.110,10.138.126.24,TCP,443,57806,1334
2026-02-22 18:30:29,34.54.84.110,10.138.126.24,TCP,443,57806,1334
2026-02-22 18:30:29,10.138.126.24,34.54.84.110,TCP,57806,443,66
2026-02-22 18:30:29,34.54.84.110,10.138.126.24,TCP,443,57806,1334
2026-02-22 18:30:29,34.54.84.110,10.138.126.24,TCP,443,57806,1334
2026-02-22 18:30:29,10.138.126.24,34.54.84.110,TCP,57806,443,66
2026-02-22 18:30:29,34.54.84.110,10.138.126.24,TCP,443,57806,1334
2026-02-22 18:30:29,34.54.84.110,10.138.126.24,TCP,443,57806,1334
2026-02-22 18:30:29,10.138.126.24,34.54.84.110,TCP,57806,443,66
2026-02-22 18:30:29,34.54.84.110,10.138.126.24,TCP,443,57806,265
2026-02-22 18:30:29,10.138.126.24,34.54.84.110,TCP,57806,443,114
2026-02-22 18:30:29,34.54.84.110,10.138.126.24,TCP,443,57806,1334
2026-02-22 18:30:29,34.54.84.110,10.138.126.24,TCP,443,57806,1162
2026-02-22 18:30:29,10.138.126.24,34.54.84.110,TCP,57806,443,66
2026-02-22 18:30:29,34.54.84.110,10.138.126.24,TCP,443,57806,105
2026-02-22 18:30:29,10.138.126.24,34.54.84.110,TCP,57806,443,105
2026-02-22 18:30:29,34.54.84.110,10.138.126.24,TCP,443,57806,66
2026-02-22 18:30:29,34.54.84.110,10.138.126.24,TCP,443,57806,66
2026-02-22 18:30:30,10.138.126.24,34.54.84.110,TCP,57806,443,249
2026-02-22 18:30:30,10.138.126.24,34.54.84.110,TCP,57806,443,468
2026-02-22 18:30:30,34.54.84.110,10.138.126.24,TCP,443,57806,66
2026-02-22 18:30:30,34.54.84.110,10.138.126.24,TCP,443,57806,78
2026-02-22 18:30:30,148.113.16.36,10.138.126.24,TCP,443,43254,66
2026-02-22 18:30:30,10.138.126.24,148.113.16.36,TCP,43254,443,66
2026-02-22 18:30:30,34.54.84.110,10.138.126.24,TCP,443,57806,147
2026-02-22 18:30:30,10.138.126.24,34.54.84.110,TCP,57806,443,105
2026-02-22 18:30:30,10.138.126.24,34.54.84.110,TCP,57806,443,90
2026-02-22 18:30:30,34.54.84.110,10.138.126.24,TCP,443,57806,66
2026-02-22 18:30:30,34.54.84.110,10.138.126.24,TCP,443,57806,78
2026-02-22 18:30:30,34.54.84.110,10.138.126.24,TCP,443,57806,66
2026-02-22 18:30:30,10.138.126.24,34.54.84.110,TCP,51696,443,74
2026-02-22 18:30:30,34.54.84.110,10.138.126.24,TCP,443,57806,66
2026-02-22 18:30:30,10.138.126.24,34.54.84.110,TCP,57806,443,66
2026-02-22 18:30:30,34.54.84.110,10.138.126.24,TCP,443,51696,74
2026-02-22 18:30:30,10.138.126.24,34.54.84.110,TCP,51696,443,66
2026-02-22 18:30:30,10.138.126.24,34.54.84.110,TCP,51696,443,1354
2026-02-22 18:30:30,10.138.126.24,34.54.84.110,TCP,51696,443,312
2026-02-22 18:30:31,34.54.84.110,10.138.126.24,TCP,443,51696,66
2026-02-22 18:30:31,34.54.84.110,10.138.126.24,TCP,443,51696,66
2026-02-22 18:30:31,34.54.84.110,10.138.126.24,TCP,443,51696,1334
2026-02-22 18:30:31,10.138.126.24,34.54.84.110,TCP,51696,443,66
2026-02-22 18:30:31,34.54.84.110,10.138.126.24,TCP,443,51696,1334
2026-02-22 18:30:31,10.138.126.24,34.54.84.110,TCP,51696,443,66
2026-02-22 18:30:31,34.54.84.110,10.138.126.24,TCP,443,51696,1334
2026-02-22 18:30:31,10.138.126.24,34.54.84.110,TCP,51696,443,66
2026-02-22 18:30:31,34.54.84.110,10.138.126.24,TCP,443,51696,778
2026-02-22 18:30:31,10.138.126.24,34.54.84.110,TCP,51696,443,66
2026-02-22 18:30:31,10.138.126.24,34.54.84.110,TCP,51696,443,130
2026-02-22 18:30:31,10.138.126.24,34.54.84.110,TCP,51696,443,158
2026-02-22 18:30:31,10.138.126.24,34.54.84.110,TCP,51696,443,905
2026-02-22 18:30:31,34.54.84.110,10.138.126.24,TCP,443,51696,66
2026-02-22 18:30:31,34.54.84.110,10.138.126.24,TCP,443,51696,78
2026-02-22 18:30:31,34.54.84.110,10.138.126.24,TCP,443,51696,128
2026-02-22 18:30:31,34.54.84.110,10.138.126.24,TCP,443,51696,97
2026-02-22 18:30:31,10.138.126.24,34.54.84.110,TCP,51696,443,97
2026-02-22 18:30:31,34.54.84.110,10.138.126.24,TCP,443,51696,66
2026-02-22 18:30:31,34.54.84.110,10.138.126.24,TCP,443,51696,254
2026-02-22 18:30:31,10.138.126.24,34.54.84.110,TCP,51696,443,105
2026-02-22 18:30:31,34.54.84.110,10.138.126.24,TCP,443,51696,66
2026-02-22 18:30:31,10.138.126.24,34.54.84.110,TCP,51696,443,345
2026-02-22 18:30:31,34.54.84.110,10.138.126.24,TCP,443,51696,66
2026-02-22 18:30:31,34.54.84.110,10.138.126.24,TCP,443,51696,143
2026-02-22 18:30:31,10.138.126.24,34.54.84.110,TCP,51696,443,105
2026-02-22 18:30:31,10.138.126.24,34.54.84.110,TCP,51696,443,66
2026-02-22 18:30:31,34.54.84.110,10.138.126.24,TCP,443,51696,78
2026-02-22 18:30:31,34.54.84.110,10.138.126.24,TCP,443,51696,66
2026-02-22 18:30:31,34.54.84.110,10.138.126.24,TCP,443,51696,66
2026-02-22 18:30:32,34.54.84.110,10.138.126.24,TCP,443,51696,66
2026-02-22 18:30:32,10.138.126.24,34.54.84.110,TCP,51696,443,66
2026-02-22 18:30:32,10.138.126.24,148.113.16.36,TCP,43254,443,66
2026-02-22 18:30:32,148.113.16.36,10.138.126.24,TCP,443,43254,66
2026-02-22 18:30:33,10.138.126.24,40.79.189.59,TCP,46670,443,74
2026-02-22 18:30:33,40.79.189.59,10.138.126.24,TCP,443,46670,74
2026-02-22 18:30:33,10.138.126.24,40.79.189.59,TCP,46670,443,66
2026-02-22 18:30:33,10.138.126.24,40.79.189.59,TCP,46670,443,1354
2026-02-22 18:30:33,10.138.126.24,40.79.189.59,TCP,46670,443,680
2026-02-22 18:30:33,40.79.189.59,10.138.126.24,TCP,443,46670,66
2026-02-22 18:30:33,40.79.189.59,10.138.126.24,TCP,443,46670,165
2026-02-22 18:30:33,10.138.126.24,40.79.189.59,TCP,46670,443,66
2026-02-22 18:30:33,10.138.126.24,40.79.189.59,TCP,46670,443,814
2026-02-22 18:30:33,40.79.189.59,10.138.126.24,TCP,443,46670,3870
2026-02-22 18:30:33,40.79.189.59,10.138.126.24,TCP,443,46670,94
2026-02-22 18:30:33,40.79.189.59,10.138.126.24,TCP,443,46670,2602
2026-02-22 18:30:33,10.138.126.24,40.79.189.59,TCP,46670,443,66
2026-02-22 18:30:33,10.138.126.24,40.79.189.59,TCP,46670,443,78
2026-02-22 18:30:33,10.138.126.24,40.79.189.59,TCP,46670,443,66
2026-02-22 18:30:33,10.138.126.24,40.79.189.59,TCP,46670,443,140
2026-02-22 18:30:33,10.138.126.24,40.79.189.59,TCP,46670,443,158
2026-02-22 18:30:33,10.138.126.24,40.79.189.59,TCP,46670,443,1354
2026-02-22 18:30:33,10.138.126.24,40.79.189.59,TCP,46670,443,614
2026-02-22 18:30:33,40.79.189.59,10.138.126.24,TCP,443,46670,169
2026-02-22 18:30:33,40.79.189.59,10.138.126.24,TCP,443,46670,128
2026-02-22 18:30:33,40.79.189.59,10.138.126.24,TCP,443,46670,66
2026-02-22 18:30:33,10.138.126.24,40.79.189.59,TCP,46670,443,66
2026-02-22 18:30:33,10.138.126.24,40.79.189.59,TCP,46670,443,97
2026-02-22 18:30:34,40.79.189.59,10.138.126.24,TCP,443,46670,66
2026-02-22 18:30:34,40.79.189.59,10.138.126.24,TCP,443,46670,504
2026-02-22 18:30:34,10.138.126.24,40.79.189.59,TCP,46670,443,66
2026-02-22 18:30:40,148.113.16.36,10.138.126.24,TCP,443,43254,66
2026-02-22 18:30:40,10.138.126.24,148.113.16.36,TCP,43254,443,66
2026-02-22 18:30:43,10.138.126.24,148.113.16.36,TCP,43254,443,66
2026-02-22 18:30:43,148.113.16.36,10.138.126.24,TCP,443,43254,66
2026-02-22 18:30:49,140.82.112.26,10.138.126.24,TCP,443,38768,91
2026-02-22 18:30:49,10.138.126.24,140.82.112.26,TCP,38768,443,95
2026-02-22 18:30:49,140.82.112.26,10.138.126.24,TCP,443,38768,66
2026-02-22 18:30:50,10.138.126.24,40.79.189.59,TCP,46670,443,66
2026-02-22 18:30:50,40.79.189.59,10.138.126.24,TCP,443,46670,66
2026-02-22 18:30:50,10.138.126.24,40.79.189.59,TCP,46670,443,66
2026-02-22 18:30:51,148.113.16.36,10.138.126.24,TCP,443,43254,66
2026-02-22 18:30:51,10.138.126.24,148.113.16.36,TCP,43254,443,66
2026-02-22 18:30:53,10.138.126.24,148.113.16.36,TCP,43254,443,66
2026-02-22 18:30:53,148.113.16.36,10.138.126.24,TCP,443,43254,66
2026-02-22 18:30:55,10.138.126.24,192.200.0.111,TCP,38146,80,66
2026-02-22 18:30:56,192.200.0.111,10.138.126.24,TCP,80,38146,66
2026-02-22 18:31:01,148.113.16.36,10.138.126.24,TCP,443,43254,66
2026-02-22 18:31:01,10.138.126.24,148.113.16.36,TCP,43254,443,66
2026-02-22 18:31:03,10.138.126.24,148.113.16.36,TCP,43254,443,66
2026-02-22 18:31:03,148.113.16.36,10.138.126.24,TCP,443,43254,66
2026-02-22 18:31:11,148.113.16.36,10.138.126.24,TCP,443,43254,66
2026-02-22 18:31:11,10.138.126.24,148.113.16.36,TCP,43254,443,66
2026-02-22 18:31:13,10.138.126.24,148.113.16.36,TCP,43254,443,66
2026-02-22 18:31:13,148.113.16.36,10.138.126.24,TCP,443,43254,66
2026-02-22 18:31:21,148.113.16.36,10.138.126.24,TCP,443,43254,66
2026-02-22 18:31:21,10.138.126.24,148.113.16.36,TCP,43254,443,66
2026-02-22 18:31:24,10.138.126.24,148.113.16.36,TCP,43254,443,66
2026-02-22 18:31:24,148.113.16.36,10.138.126.24,TCP,443,43254,66
2026-02-22 18:31:26,10.138.126.24,192.200.0.111,TCP,38146,80,66
2026-02-22 18:31:26,192.200.0.111,10.138.126.24,TCP,80,38146,66
2026-02-22 18:31:32,148.113.16.36,10.138.126.24,TCP,443,43254,66
2026-02-22 18:31:32,10.138.126.24,148.113.16.36,TCP,43254,443,66
2026-02-22 18:31:34,10.138.126.24,148.113.16.36,TCP,43254,443,66
2026-02-22 18:31:34,148.113.16.36,10.138.126.24,TCP,443,43254,66
2026-02-22 18:31:42,148.113.16.36,10.138.126.24,TCP,443,43254,66
2026-02-22 18:31:42,10.138.126.24,148.113.16.36,TCP,43254,443,66
